시도교육청,학교도로명주소,학교도로명상세주소,"정보공시 
학교코드",학교명,홈페이지주소,설립구분,전화번호,남녀공학구분,"주 출입구 
접근로 
설치여부","장애인 전용 주차구역 
지정여부","주출입구 
높이차이 
제거여부",복도,"계단/승강기/
경사로/
휠체어리프트 유무","장애인용 대변기 
설치여부","장애인용 소변기 
설치여부"," 점자블록 
설치여부"," 유도 및 안내설비 
설치여부"," 경보 및 피난설비 
설치여부"
<<<<<<< HEAD,광주광역시 북구 필문대로 55,"(풍향동,광주교육대학교)",,,http://busok.gnue.ac.kr/,,062-520-4363,남녀공학,,,,,,,,,,
광주광역시교육청,광주광역시 북구 각화대로39번길 10,"(각화동,각화초등학교)",S000003503,광주교육대학교광주부설초등학교,www.gakhwa.es.kr,국립,062-260-2600,남녀공학,적정설치,적정설치,적정설치,적정설치,적정설치,적정설치,적정설치,적정설치,적정설치,적정설치
광주광역시교육청,광주광역시 북구 북문대로98번길 20,", 경양초등학교 (운암동)",S050000210,각화초등학교,http://www.kyungyaung.es.kr,공립,062-520-8303,남녀공학,적정설치,적정설치,적정설치,적정설치,적정설치,적정설치,적정설치,적정설치,적정설치,적정설치
광주광역시교육청,광주광역시 동구 중앙로 320,(계림동),S050000211,경양초등학교,http://www.gyelim.es.kr,공립,062-221-8700,남녀공학,적정설치,적정설치,적정설치,적정설치,적정설치,적정설치,적정설치,적정설치,적정설치,적정설치
광주광역시교육청,광주광역시 동구 지원로5번길 20,", 광주남초등학교 (소태동)",S050000212,광주계림초등학교,http://k-nam.es.kr/,공립,062-220-1602,남녀공학,적정설치,적정설치,적정설치,적정설치,적정설치,적정설치,적정설치,적정설치,적정설치,적정설치
광주광역시교육청,광주광역시 동구 준법로 16,", 광주동산초등학교 (지산동)",S050000213,광주남초등학교,www.k-dongsan.es.kr,공립,062-230-9291,남녀공학,적정설치,적정설치,적정설치,적정설치,적정설치,적정설치,적정설치,적정설치,적정설치,적정설치
광주광역시교육청,광주광역시 북구 북문대로8번길 21,"(운암동,동운초등학교)",S050000214,광주동산초등학교,http://www.dongun.es.kr,공립,062-520-5500,남녀공학,적정설치,적정설치,적정설치,적정설치,적정설치,적정설치,미설치,적정설치,적정설치,적정설치
광주광역시교육청,광주광역시 북구 석곡로 527,"(망월동,광주동초등학교)",S050000215,광주동운초등학교,www.dong.es.kr,공립,062-250-2700,남녀공학,적정설치,적정설치,적정설치,적정설치,적정설치,적정설치,적정설치,적정설치,적정설치,적정설치
광주광역시교육청,광주광역시 북구 충효샘길 14-30,(충효동),S050000216,광주동초등학교,www.dong.es.kr,공립,062-528-6423,남녀공학,적정설치,적정설치,적정설치,적정설치,적정설치,적정설치,적정설치,적정설치,적정설치,적정설치
광주광역시교육청,광주광역시 북구 군왕로 135,"(두암동,광주문화초등학교)",S050000218,광주동초등학교충효분교장,http://k-munhwa.es.kr,공립,062-260-2002,남녀공학,적정설치,적정설치,적정설치,적정설치,미설치,적정설치,적정설치,적정설치,적정설치,적정설치
광주광역시교육청,광주광역시 동구 산수길 28,"(산수동,산수초등학교)",S050000219,광주문화초등학교,www.sansu.es.kr,공립,06-221-8602,남녀공학,적정설치,적정설치,적정설치,미설치,적정설치,적정설치,적정설치,적정설치,적정설치,적정설치
광주광역시교육청,광주광역시 북구 서림로 113,", 광주서림초등학교 (임동)",S050000221,광주산수초등학교,http://www.seorim.es.kr,공립,062-520-8605,남녀공학,적정설치,적정설치,적정설치,적정설치,미설치,적정설치,적정설치,적정설치,적정설치,적정설치
광주광역시교육청,광주광역시 북구 우치로 263,(오치동),S050000222,광주서림초등학교,http://www.kseosan.es.kr,공립,062-260-8800,남녀공학,적정설치,적정설치,적정설치,적정설치,적정설치,적정설치,적정설치,적정설치,적정설치,미설치
광주광역시교육청,광주광역시 동구 제봉로82번길 26,(서석동),S050000223,광주서산초등학교,http://www.seoseok.es.kr.,공립,062-220-8100,남녀공학,적정설치,적정설치,적정설치,미설치,적정설치,적정설치,적정설치,적정설치,적정설치,적정설치
광주광역시교육청,광주광역시 북구 금남로 99,"(북동,수창초등학교)",S050000224,광주서석초등학교,http://soochang.es.kr/,공립,062-520-2700,남녀공학,적정설치,적정설치,적정설치,미설치,미설치,적정설치,적정설치,적정설치,적정설치,적정설치
광주광역시교육청,광주광역시 북구 연양로 33,(양산동)양산초등학교,S050000225,광주수창초등학교,,공립,062-570-8802,남녀공학,단순설치,적정설치,적정설치,적정설치,미설치,적정설치,적정설치,적정설치,적정설치,적정설치
광주광역시교육청,광주광역시 북구 서암대로144번길 11,(신안동),S050000226,광주양산초등학교,http://www.k-yongbong.es.kr,공립,062-510-4202,남녀공학,적정설치,적정설치,적정설치,적정설치,적정설치,적정설치,적정설치,적정설치,적정설치,적정설치
광주광역시교육청,광주광역시 동구 화산로 334,(용산동),S050000227,광주용봉초등학교,http://www.k-yongsan.es.kr,공립,062-230-0004,남녀공학,적정설치,적정설치,적정설치,적정설치,미설치,적정설치,적정설치,적정설치,적정설치,적정설치
광주광역시교육청,광주광역시 북구 서방로63번길 67,"(우산동,우산초등학교)",S050000228,광주용산초등학교,http://www.woosan.es.kr,공립,062-260-1702,남녀공학,적정설치,적정설치,적정설치,미설치,미설치,적정설치,적정설치,적정설치,적정설치,적정설치
광주광역시교육청,광주광역시 북구 서강로 79-14,(운암동),S050000229,광주우산초등학교,http://www.k-unam.es.kr,공립,062-520-5400,남녀공학,적정설치,적정설치,적정설치,적정설치,미설치,적정설치,적정설치,적정설치,적정설치,적정설치
광주광역시교육청,광주광역시 동구 무등로 533,"(산수동,장원초등학교)",S050000230,광주운암초등학교,http://www.k-jangwon.es.kr,공립,062-250-3800,남녀공학,적정설치,적정설치,적정설치,적정설치,적정설치,적정설치,적정설치,적정설치,적정설치,적정설치
광주광역시교육청,광주광역시 동구 제봉로 167,(궁동),S050000231,광주장원초등학교,www.k-jungang.es.kr,공립,062-220-8204,남녀공학,적정설치,적정설치,적정설치,적정설치,미설치,적정설치,적정설치,적정설치,적정설치,적정설치
광주광역시교육청,광주광역시 북구 경양로197번길 25,"(중흥동,중흥초등학교)",S050000233,광주중앙초등학교,http://www.kjh.es.kr,공립,062-612-9903,남녀공학,단순설치,적정설치,단순설치,적정설치,적정설치,적정설치,적정설치,단순설치,적정설치,적정설치
광주광역시교육청,광주광역시 북구 하서로 637,(지야동),S050000234,광주중흥초등학교,http://www.k-jisan.es.kr/,공립,062-570-9500,남녀공학,적정설치,적정설치,적정설치,적정설치,미설치,미설치,미설치,적정설치,적정설치,적정설치
광주광역시교육청,광주광역시 북구 군왕로 51,", 77 (두암동)",S050000235,광주지산초등학교,http://www.punghyang.es.kr,공립,062-609-1104,남녀공학,적정설치,적정설치,적정설치,적정설치,적정설치,적정설치,적정설치,적정설치,적정설치,적정설치
광주광역시교육청,광주광역시 동구 의재로 181,", 광주학운초등학교 (운림동)",S050000239,광주풍향초등학교,http://www.hakwoon.es.kr,공립,062-220-1701,남녀공학,적정설치,적정설치,적정설치,적정설치,단순설치,적정설치,적정설치,적정설치,적정설치,적정설치
광주광역시교육청,광주광역시 북구 서양로 99,", 광주효동초등학교 (중흥동)",S050000240,광주학운초등학교,http://www.ghd.es.kr,공립,062-520-2800,남녀공학,적정설치,적정설치,적정설치,적정설치,미설치,적정설치,적정설치,적정설치,적정설치,적정설치
광주광역시교육청,광주광역시 북구 대자로 5,", 대자초등학교 (운암동)",S050000241,광주효동초등학교,http://www.daeja.es.kr/,공립,062-520-3103,남녀공학,적정설치,적정설치,적정설치,적정설치,적정설치,적정설치,적정설치,적정설치,적정설치,적정설치
광주광역시교육청,광주광역시 북구 동림용산로 7,"(동림동,동림초등학교)",S050000242,대자초등학교,www.dongrim.es.kr,공립,062-520-6601,남녀공학,적정설치,적정설치,적정설치,적정설치,적정설치,적정설치,적정설치,적정설치,적정설치,적정설치
광주광역시교육청,광주광역시 북구 참판로 130,"(두암동,두암초등학교)",S050000243,동림초등학교,http://www.duam.es.kr,공립,062-250-6603,남녀공학,적정설치,적정설치,적정설치,적정설치,미설치,적정설치,적정설치,적정설치,적정설치,적정설치
광주광역시교육청,광주광역시 북구 초당로 25,", 매곡초등학교 (매곡동)",S050000244,두암초등학교,http://k-maegok.es.kr,공립,062-570-5800,남녀공학,적정설치,적정설치,적정설치,적정설치,적정설치,적정설치,적정설치,적정설치,적정설치,적정설치
광주광역시교육청,광주광역시 북구 면앙로 99,(우산동),S050000245,매곡초등학교,http://mudeung.es.kr,공립,062-260-3802,남녀공학,적정설치,적정설치,적정설치,적정설치,미설치,적정설치,적정설치,적정설치,적정설치,미설치
광주광역시교육청,광주광역시 북구 문산로 66,(문흥동),S050000246,무등초등학교,http://www.munsan.es.kr,공립,062-250-2102,남녀공학,적정설치,적정설치,적정설치,적정설치,적정설치,적정설치,적정설치,적정설치,적정설치,적정설치
광주광역시교육청,광주광역시 북구 대천로169번길 7,"(문흥동,문정초등학교)",S050000247,문산초등학교,www.munjung.es.kr,공립,260-1606,남녀공학,적정설치,적정설치,적정설치,미설치,미설치,적정설치,적정설치,적정설치,적정설치,적정설치
광주광역시교육청,광주광역시 북구 문산로 17,", 문흥중앙초등학교 (문흥동)",S050000248,문정초등학교,,공립,062-250-0590,남녀공학,적정설치,적정설치,적정설치,적정설치,미설치,적정설치,적정설치,적정설치,적정설치,적정설치
광주광역시교육청,광주광역시 북구 면앙로 19,", 문흥초등학교 (문흥동)",S050000249,문흥중앙초등학교,http://www.munhung.es.kr,공립,062-250-7700,남녀공학,적정설치,적정설치,적정설치,적정설치,적정설치,적정설치,적정설치,적정설치,적정설치,적정설치
광주광역시교육청,광주광역시 서구 전평길 40-1,(매월동),S050000250,문흥초등학교,http://www.salesio.es.kr,공립,622271016,남녀공학,적정설치,적정설치,적정설치,적정설치,적정설치,적정설치,적정설치,적정설치,적정설치,적정설치
광주광역시교육청,광주광역시 북구 송해로 21,", 삼각초등학교 (삼각동)",S050000252,살레시오초등학교,http://www.samgak.es.kr/,사립,062-570-6502,남녀공학,적정설치,적정설치,적정설치,미설치,적정설치,적정설치,적정설치,적정설치,적정설치,적정설치
광주광역시교육청,광주광역시 북구 밤실로208번길 55,"(두암동,삼정초등학교)",S050000253,삼각초등학교,http://k-samjung.es.kr,공립,062-250-5804,남녀공학,적정설치,적정설치,적정설치,미설치,적정설치,적정설치,적정설치,적정설치,적정설치,적정설치
광주광역시교육청,광주광역시 북구 설죽로 590,(일곡동),S050000254,삼정초등학교,http://www.seoil.es.kr,공립,062-570-5702,남녀공학,적정설치,적정설치,적정설치,적정설치,적정설치,적정설치,적정설치,적정설치,적정설치,적정설치
광주광역시교육청,광주광역시 북구 대천로 55,"(오치동,오정초등학교)",S050000255,서일초등학교,http://www.k-ojong.es.kr/,공립,062-250-1703,남녀공학,적정설치,적정설치,적정설치,적정설치,적정설치,적정설치,적정설치,적정설치,적정설치,적정설치
광주광역시교육청,광주광역시 북구 설죽로 290,", 오치초등학교 (오치동)",S050000256,오정초등학교,http://www.ochi.es.kr/,공립,062-250-0608,남녀공학,적정설치,적정설치,적정설치,적정설치,적정설치,적정설치,적정설치,적정설치,적정설치,미설치
광주광역시교육청,광주광역시 북구 임방울대로1041번길 25,", 용두초등학교 (신용동)",S050000257,오치초등학교,http://www.k-yongdu.es.kr/,공립,062-605-7501,남녀공학,적정설치,적정설치,적정설치,적정설치,적정설치,적정설치,적정설치,적정설치,적정설치,적정설치
광주광역시교육청,광주광역시 북구 용주로 15,", 용주초등학교 (용봉동)",S050000258,용두초등학교,http://www.yongju.es.kr,공립,062-510-5601,남녀공학,적정설치,적정설치,적정설치,적정설치,적정설치,적정설치,적정설치,적정설치,적정설치,적정설치
광주광역시교육청,광주광역시 동구 밤실로 142,", 율곡초등학교 (산수동)",S050000260,용주초등학교,http://k-yulgok.es.kr,공립,062-260-2204,남녀공학,적정설치,적정설치,적정설치,적정설치,적정설치,적정설치,적정설치,적정설치,적정설치,적정설치
광주광역시교육청,광주광역시 북구 설죽로 530,"(일곡동,광주일곡초등학교)",S050000262,율곡초등학교,http://www.ilgok.es.kr/,공립,062-570-1608,남녀공학,적정설치,적정설치,적정설치,적정설치,적정설치,적정설치,적정설치,적정설치,적정설치,적정설치
광주광역시교육청,광주광역시 북구 일곡택지로 45,", 일동초등학교 (일곡동)",S050000263,일곡초등학교,http://www.k-ildong.es.kr,공립,062-570-1000,남녀공학,적정설치,적정설치,적정설치,적정설치,적정설치,적정설치,적정설치,적정설치,적정설치,적정설치
광주광역시교육청,광주광역시 북구 일곡마을로 187,", 일신초등학교 (일곡동)",S050000264,일동초등학교,http://www.k-ilshin.es.kr/,공립,062-606-8700,남녀공학,적정설치,적정설치,적정설치,적정설치,적정설치,적정설치,적정설치,적정설치,적정설치,적정설치
광주광역시교육청,광주광역시 북구 청계로 33,"(용봉동,태봉초등학교)",S050000265,일신초등학교,http://www.k-taebong.es.kr,공립,062-519-1700,남녀공학,적정설치,적정설치,적정설치,적정설치,적정설치,적정설치,적정설치,적정설치,적정설치,적정설치
광주광역시교육청,광주광역시 서구 월산로 266,(농성동),S050000266,태봉초등학교,http://www.gwangcheon.es.kr,공립,062-360-6702,남녀공학,적정설치,적정설치,적정설치,적정설치,적정설치,적정설치,적정설치,적정설치,적정설치,적정설치
광주광역시교육청,광주광역시 서구 상무버들로54번길 5,"(유촌동, 극락초등학교)",S050000411,광주광천초등학교,http://www.kukrak.es.kr/,공립,062-370-2604,남녀공학,적정설치,적정설치,적정설치,미설치,적정설치,적정설치,적정설치,적정설치,적정설치,적정설치
광주광역시교육청,광주광역시 남구 금화로481번길 7,"(월산동,농성초등학교)",S050000412,광주극락초등학교,http://www.nongsung.es.kr,공립,062-360-6520,남녀공학,적정설치,적정설치,적정설치,적정설치,미설치,적정설치,적정설치,적정설치,적정설치,적정설치
광주광역시교육청,광주광역시 남구 서동로2번길 8,", 광주대성초등학교 (서동)",S050000413,광주농성초등학교,http://www.k-daesung.es.kr,공립,062-650-3902,남녀공학,적정설치,적정설치,적정설치,미설치,미설치,적정설치,적정설치,적정설치,적정설치,적정설치
광주광역시교육청,광주광역시 남구 큰방림길 20,", 광주방림초등학교 (방림동)",S050000414,광주대성초등학교,http://www.banglim.es.kr,공립,062-670-7209,남녀공학,적정설치,적정설치,적정설치,적정설치,미설치,적정설치,적정설치,적정설치,적정설치,적정설치
광주광역시교육청,광주광역시 남구 독립로 51,", 광주백운초등학교 (백운동)",S050000415,광주방림초등학교,http://baekun.es.kr,공립,062-670-9125,남녀공학,적정설치,적정설치,적정설치,적정설치,적정설치,적정설치,적정설치,적정설치,적정설치,적정설치
광주광역시교육청,광주광역시 남구 봉주길 32,", 광주봉주초등학교 (주월동)",S050000416,광주백운초등학교,www.boungju.es.kr,공립,062-650-6600,남녀공학,적정설치,적정설치,적정설치,적정설치,적정설치,적정설치,적정설치,적정설치,적정설치,적정설치
광주광역시교육청,광주광역시 남구 회서로 30,"(주월동,삼육중고등학교)",S050000417,광주봉주초등학교,http://gwangju36.es.kr,공립,070-4018-7011,남녀공학,적정설치,적정설치,적정설치,적정설치,적정설치,적정설치,적정설치,적정설치,적정설치,적정설치
광주광역시교육청,광주광역시 서구 금호운천길 67,(금호동),S050000418,광주삼육초등학교,www.sangmoo.es.kr,사립,062-370-2804,남녀공학,미설치,단순설치,미설치,미설치,적정설치,미설치,미설치,미설치,미설치,미설치
광주광역시교육청,광주광역시 서구 화운로194번길 6,(화정동),S050000419,광주상무초등학교,http://www.seo.es.kr,공립,062-360-4104,남녀공학,적정설치,적정설치,적정설치,적정설치,적정설치,적정설치,적정설치,적정설치,적정설치,미설치
광주광역시교육청,광주광역시 남구 송암로 73,"(송하동,광주송원초등학교)",S050000420,광주서초등학교,http://www.k-songwon.es.kr,공립,623605591,남녀공학,적정설치,적정설치,적정설치,적정설치,적정설치,적정설치,적정설치,적정설치,적정설치,적정설치
광주광역시교육청,광주광역시 서구 경열로121번길 5,(양동),S050000421,광주송원초등학교,http://www.k-yangdong.es.kr/index.html,사립,062-606-5700,남녀공학,단순설치,적정설치,적정설치,단순설치,적정설치,적정설치,적정설치,단순설치,미설치,적정설치
광주광역시교육청,광주광역시 남구 월산로116번길 6,", 월산초등학교 (월산동)",S050000422,광주양동초등학교,http://www.woulsan.es.kr,공립,062-720-3505,남녀공학,적정설치,적정설치,적정설치,미설치,미설치,적정설치,적정설치,적정설치,적정설치,미설치
광주광역시교육청,광주광역시 남구 봉선로51번길 14,"(주월동,제석초등학교)",S050000423,광주월산초등학교,http://www.jeseok.es.kr,공립,062-650-6701,남녀공학,적정설치,적정설치,적정설치,적정설치,미설치,적정설치,적정설치,적정설치,적정설치,적정설치
광주광역시교육청,광주광역시 남구 양림로 92,"(양림동,학강초등학교)",S050000424,광주제석초등학교,http://www.hakkang.es.kr,공립,627205307,남녀공학,적정설치,적정설치,적정설치,미설치,적정설치,적정설치,미설치,적정설치,적정설치,단순설치
광주광역시교육청,광주광역시 서구 월드컵4강로146번길 10,"(화정동,화정초등학교)",S050000425,광주학강초등학교,http://www.kjhwajeong.es.kr,공립,062-380-2702,남녀공학,적정설치,미설치,적정설치,단순설치,미설치,단순설치,단순설치,적정설치,단순설치,미설치
광주광역시교육청,광주광역시 남구 화산로 7,", 광주효덕초등학교 (진월동)",S050000426,광주화정초등학교,http://www.kjhd.es.kr,공립,626501104,남녀공학,적정설치,적정설치,적정설치,미설치,단순설치,적정설치,적정설치,적정설치,적정설치,단순설치
광주광역시교육청,광주광역시 광산구 임방울대로165번길 60,(운남동),S050000427,광주효덕초등학교,www.k-kumgu.es.kr,공립,062-958-6577,남녀공학,단순설치,적정설치,단순설치,적정설치,적정설치,적정설치,적정설치,적정설치,적정설치,적정설치
광주광역시교육청,광주광역시 서구 풍암중앙로 83,", 금당초등학교 (풍암동)",S050000428,금구초등학교,http://www.geumdang.es.kr,공립,062-670-6203,남녀공학,적정설치,적정설치,적정설치,적정설치,적정설치,적정설치,적정설치,적정설치,적정설치,미설치
광주광역시교육청,광주광역시 서구 금화로115번길 22,(금호동),S050000429,금당초등학교,http://www.kumboo-e.es.kr,공립,062-410-1701,남녀공학,적정설치,적정설치,적정설치,적정설치,적정설치,적정설치,적정설치,적정설치,적정설치,미설치
광주광역시교육청,광주광역시 서구 금부로95번길 26-11,"(쌍촌동,금호초등학교)",S050000430,금부초등학교,http://www.k-kumho.es.kr/,공립,623707171,남녀공학,적정설치,적정설치,적정설치,미설치,적정설치,적정설치,미설치,적정설치,적정설치,미설치
광주광역시교육청,광주광역시 남구 고싸움로152번길 1,(지석동),S050000431,금호초등학교,http://www.daechon-j.es.kr/,공립,062-380-7100,남녀공학,적정설치,적정설치,적정설치,미설치,미설치,적정설치,적정설치,적정설치,적정설치,미설치
광주광역시교육청,광주광역시 광산구 동곡로 151-17,", 동곡초등학교 (하산동)",S050000433,대촌중앙초등학교,http://donggok.es.kr,공립,062-943-3332,남녀공학,적정설치,적정설치,적정설치,적정설치,적정설치,적정설치,적정설치,적정설치,적정설치,적정설치
광주광역시교육청,광주광역시 서구 마재로 27,", 마재초등학교 (금호동)",S050000434,동곡초등학교,http://www.majae.es.kr,공립,062-670-5203,남녀공학,적정설치,적정설치,적정설치,적정설치,적정설치,적정설치,적정설치,적정설치,적정설치,적정설치
광주광역시교육청,광주광역시 광산구 목련로219번길 104,"(운남동,마지초등학교)",S050000435,마재초등학교,http://www.k-maji.es.kr/,공립,062-958-7400,남녀공학,적정설치,적정설치,적정설치,미설치,단순설치,적정설치,적정설치,적정설치,적정설치,적정설치
광주광역시교육청,광주광역시 남구 월지길 7,(무학초등학교),S050000436,마지초등학교,http://www.moohak.es.kr,공립,062-374-5485,남녀공학,적정설치,적정설치,적정설치,적정설치,적정설치,적정설치,적정설치,적정설치,적정설치,적정설치
광주광역시교육청,광주광역시 광산구 첨단중앙로181번길 70,(월계동),S050000437,무학초등학교,http://www.misan.es.kr,공립,062-970-9600,남녀공학,적정설치,적정설치,적정설치,적정설치,미설치,적정설치,적정설치,적정설치,미설치,미설치
광주광역시교육청,광주광역시 광산구 목련로153번길 20,(운남동),S050000438,미산초등학교,http://www.mogryeon.es.kr,공립,062-958-5800,남녀공학,적정설치,적정설치,적정설치,적정설치,적정설치,적정설치,적정설치,적정설치,적정설치,적정설치
광주광역시교육청,광주광역시 서구 학생독립로 16,(화정동),S050000439,목련초등학교,http://seongjin.es.kr,공립,062-602-5504,남녀공학,적정설치,적정설치,적정설치,적정설치,적정설치,적정설치,적정설치,적정설치,적정설치,적정설치
광주광역시교육청,광주광역시 광산구 용진로 323,", 본량초등학교 (남산동)",S050000440,성진초등학교,http://www.ponryang.es.kr/,공립,062-943-9662,남녀공학,적정설치,적정설치,적정설치,적정설치,적정설치,적정설치,적정설치,적정설치,적정설치,적정설치
광주광역시교육청,광주광역시 남구 봉선중앙로118번길 4,(봉선동),S050000443,본량초등학교,www.bongsun.es.kr,공립,062-670-4130,남녀공학,적정설치,적정설치,적정설치,적정설치,미설치,적정설치,적정설치,적정설치,적정설치,적정설치
광주광역시교육청,광주광역시 광산구 비아동원촌길 19-20,(비아동),S050000445,봉선초등학교,http://www.bia.es.kr,공립,062-958-9902,남녀공학,적정설치,적정설치,적정설치,적정설치,적정설치,적정설치,적정설치,적정설치,적정설치,미설치
광주광역시교육청,광주광역시 광산구 산월로9번길 36,(월계동),S050000447,비아초등학교,http://www.sanwol.es.kr,공립,062-970-4707,남녀공학,적정설치,적정설치,적정설치,적정설치,적정설치,적정설치,적정설치,적정설치,적정설치,적정설치
광주광역시교육청,광주광역시 광산구 용진로 9,(도덕동),S050000448,산월초등학교,www.samdo.es.kr,공립,062-949-1521,남녀공학,적정설치,적정설치,적정설치,미설치,미설치,적정설치,적정설치,적정설치,적정설치,미설치
광주광역시교육청,광주광역시 서구 상무오월로38번길 36,"(쌍촌동,서광초등학교)",S050000451,삼도초등학교,http://seo-gwang.es.kr,공립,370-1124,남녀공학,미설치,적정설치,적정설치,미설치,미설치,적정설치,적정설치,적정설치,적정설치,적정설치
광주광역시교육청,광주광역시 광산구 사암로158번길 49,"(우산동,송우초등학교)",S050000453,서광초등학교,http://www.k-songwoo.es.kr/,공립,062-949-2501,남녀공학,적정설치,적정설치,적정설치,적정설치,적정설치,적정설치,적정설치,적정설치,적정설치,적정설치
광주광역시교육청,광주 광산구 사암로27번길 58,(신촌동),S050000454,송우초등학교,http://www.songjeong-d.es.kr/,공립,062-949-2802,남녀공학,적정설치,적정설치,적정설치,미설치,적정설치,적정설치,적정설치,적정설치,적정설치,적정설치
광주광역시교육청,광주광역시 광산구 상무대로 114,(도산동),S050000457,송정동초등학교,http://songseo.es.kr,공립,062-949-2303,남녀공학,적정설치,적정설치,적정설치,적정설치,적정설치,적정설치,적정설치,적정설치,적정설치,적정설치
광주광역시교육청,광주광역시 광산구 어등대로653번길 90,", 송정중앙초등학교 (소촌동)",S050000460,송정서초등학교,http://www.sjc.es.kr/,공립,062-949-6704,남녀공학,적정설치,적정설치,적정설치,적정설치,적정설치,적정설치,적정설치,적정설치,적정설치,적정설치
광주광역시교육청,광주광역시 광산구 송도로208번길 25,(도산동),S050000462,송정중앙초등학교,http://www.k-songjeong.es.kr,공립,062-949-3707,남녀공학,적정설치,적정설치,적정설치,적정설치,적정설치,적정설치,적정설치,적정설치,적정설치,미설치
광주광역시교육청,광주광역시 서구 눌재로 408,"(세하동,송학초등학교)",S050000464,송정초등학교,http://www.songhak.es.kr,공립,062-602-4012,남녀공학,적정설치,적정설치,적정설치,적정설치,적정설치,적정설치,적정설치,적정설치,적정설치,적정설치
광주광역시교육청,광주광역시 광산구 신가로40번길 21,(신가동),S050000465,송학초등학교,http://www.shinga.es.kr,공립,062-960-5140,남녀공학,적정설치,적정설치,적정설치,적정설치,적정설치,적정설치,적정설치,적정설치,적정설치,적정설치
광주광역시교육청,광주광역시 서구 풍암2로 56,"(풍암동,신암초등학교)",S050000466,신가초등학교,http://www.sinarm.es.kr/,공립,062-650-0673,남녀공학,적정설치,적정설치,적정설치,적정설치,적정설치,적정설치,적정설치,적정설치,단순설치,단순설치
광주광역시교육청,광주광역시 광산구 월곡산정로 50,(우산동),S050000467,신암초등학교,http://www.odung.es.kr,공립,062-958-0901,남녀공학,적정설치,적정설치,적정설치,미설치,적정설치,적정설치,적정설치,적정설치,적정설치,미설치
광주광역시교육청,광주광역시 서구 염화로134번길 28,", 염주초등학교 (화정동)",S050000468,어등초등학교,http://www.yeomju.es.kr,공립,062-380-1140,남녀공학,적정설치,적정설치,적정설치,적정설치,적정설치,적정설치,적정설치,적정설치,적정설치,적정설치
광주광역시교육청,광주광역시 광산구 하남대로 248-22,"(운남동,운남초등학교)",S050000469,염주초등학교,www.wunnam.es.kr,공립,062-958-5702,남녀공학,적정설치,단순설치,적정설치,적정설치,적정설치,적정설치,적정설치,적정설치,적정설치,적정설치
광주광역시교육청,광주광역시 서구 치평로 59,"(치평동,운천초등학교)",S050000470,운남초등학교,http://www.woonchun.es.kr/,공립,062-600-2702,남녀공학,적정설치,적정설치,적정설치,적정설치,적정설치,적정설치,적정설치,적정설치,적정설치,적정설치
광주광역시교육청,광주광역시 광산구 첨단내촌로 83,(월계동),S050000472,운천초등학교,,공립,062-970-4802,남녀공학,적정설치,적정설치,적정설치,적정설치,적정설치,적정설치,적정설치,적정설치,적정설치,적정설치
광주광역시교육청,광주광역시 광산구 월곡산정로 107,", 월곡초등학교 (월곡동)",S050000474,월계초등학교,,공립,062-958-3802,남녀공학,적정설치,적정설치,적정설치,단순설치,적정설치,적정설치,적정설치,적정설치,적정설치,미설치
광주광역시교육청,광주광역시 서구 상무버들로16번길 6-10,", 유덕초등학교 (유촌동)",S050000475,월곡초등학교,http://www.yudeok.es.kr,공립,062-380-6504,남녀공학,적정설치,적정설치,단순설치,적정설치,단순설치,적정설치,단순설치,적정설치,적정설치,단순설치
광주광역시교육청,광주광역시 남구 봉선로175번길 16,"(봉선동,유안초등학교)",S050000476,유덕초등학교,http://www.yuan.es.kr/,공립,062-650-3703,남녀공학,적정설치,적정설치,적정설치,적정설치,적정설치,적정설치,적정설치,적정설치,적정설치,적정설치
광주광역시교육청,광주광역시 서구 내방로 153,"(쌍촌동,유촌초등학교)",S050000477,유안초등학교,http://www.k-yuchon.es.kr/,공립,062-370-8700,남녀공학,적정설치,적정설치,적정설치,미설치,미설치,적정설치,적정설치,적정설치,적정설치,적정설치
광주광역시교육청,광주광역시 광산구 하림길 26,(임곡동),S050000478,유촌초등학교,http://www.k-imgok.es.kr,공립,720-3300,남녀공학,적정설치,적정설치,적정설치,적정설치,미설치,적정설치,적정설치,적정설치,적정설치,적정설치
광주광역시교육청,광주광역시 남구 회서로 27,", 장산초등학교 (주월동)",S050000480,임곡초등학교,http://www.k-jangsan.es.kr,공립,062-650-2392,남녀공학,단순설치,적정설치,적정설치,적정설치,미설치,적정설치,적정설치,적정설치,적정설치,미설치
광주광역시교육청,광주광역시 광산구 첨단과기로 104,(월계동),S050000482,장산초등학교,http://www.jungam.es.kr,공립,062-970-4104,남녀공학,적정설치,적정설치,적정설치,적정설치,적정설치,적정설치,적정설치,적정설치,미설치,미설치
광주광역시교육청,광주광역시 남구 봉선로144번길 8,"(봉선동,조봉초등학교)",S050000483,정암초등학교,,공립,062-650-3503,남녀공학,적정설치,적정설치,적정설치,적정설치,적정설치,적정설치,적정설치,단순설치,단순설치,단순설치
광주광역시교육청,광주광역시 서구 화운로 36,(화정동),S050000485,조봉초등학교,http://www.juwol.es.kr,공립,062-602-3800,남녀공학,적정설치,적정설치,미설치,적정설치,미설치,적정설치,적정설치,적정설치,적정설치,미설치
광주광역시교육청,광주광역시 광산구 목련로394번길 40-10,", 진만초등학교 (신가동)",S050000486,주월초등학교,http://jinman.es.kr,공립,062-958-5600,남녀공학,적정설치,적정설치,적정설치,적정설치,적정설치,적정설치,적정설치,적정설치,적정설치,적정설치
광주광역시교육청,광주광역시 남구 광복마을4길 40,"(진월동,진월초등학교)",S050000487,진만초등학교,http://www.jinwoul.es.kr/,공립,062-670-3106,남녀공학,적정설치,적정설치,적정설치,단순설치,적정설치,적정설치,적정설치,적정설치,적정설치,적정설치
광주광역시교육청,광주광역시 서구 상무평화로 43,", 치평초등학교 (치평동)",S050000488,진월초등학교,http://www.chipyung.es.kr/,공립,062-370-5806,남녀공학,적정설치,적정설치,적정설치,적정설치,단순설치,적정설치,적정설치,적정설치,적정설치,적정설치
광주광역시교육청,광주광역시 광산구 평동로 741,"(옥동,평동초등학교)",S050000489,치평초등학교,www.pdong.es.kr,공립,062-943-8296,남녀공학,적정설치,적정설치,적정설치,적정설치,적정설치,적정설치,적정설치,적정설치,적정설치,적정설치
광주광역시교육청,광주광역시 서구 풍암중앙로 8,"(풍암동,풍암초등학교)",S050000491,평동초등학교,http://www.pungam.es.kr/,공립,626707304,남녀공학,적정설치,적정설치,적정설치,미설치,적정설치,적정설치,적정설치,적정설치,적정설치,적정설치
광주광역시교육청,광주광역시 광산구 수등로258번길 53,(신가동),S050000492,풍암초등학교,http://www.pungyoung.es.kr,공립,062-958-8870,남녀공학,적정설치,적정설치,적정설치,미설치,적정설치,적정설치,적정설치,적정설치,적정설치,미설치
광주광역시교육청,광주광역시 광산구 산정로6번길 21-20,"(월곡동,하남중앙초등학교)",S050000493,풍영초등학교,http://www.hnja.es.kr/,공립,062-958-9104,남녀공학,적정설치,적정설치,미설치,미설치,미설치,적정설치,적정설치,적정설치,적정설치,적정설치
광주광역시교육청,광주광역시 광산구 하남대로54번길 10,(하남동),S050000498,하남중앙초등학교,http://www.k-hanam.es.kr,공립,062-951-8510,남녀공학,단순설치,적정설치,단순설치,미설치,미설치,적정설치,적정설치,적정설치,적정설치,미설치
광주광역시교육청,광주광역시 서구 화개중앙로 48,(금호동),S050000499,하남초등학교,http://hwakai.es.kr,공립,062-670-5106,남녀공학,적정설치,적정설치,적정설치,적정설치,적정설치,적정설치,적정설치,적정설치,적정설치,적정설치
광주광역시교육청,광주광역시 서구 염화로 37,", 화정남초등학교 (화정동)",S050000501,화개초등학교,http://www.hwajungnam.es.kr/,공립,062-602-2201,남녀공학,적정설치,적정설치,적정설치,적정설치,적정설치,적정설치,적정설치,적정설치,적정설치,적정설치
광주광역시교육청,광주광역시 서구 광천2길 33,", 효광초등학교 (광천동)",S050000502,화정남초등학교,http://www.hyogwang.es.kr,공립,062-606-8100,남녀공학,적정설치,적정설치,적정설치,미설치,적정설치,적정설치,적정설치,적정설치,적정설치,적정설치
광주광역시교육청,광주광역시 서구 상무시민로 51,"(치평동,계수초등학교)",S050000503,효광초등학교,http://www.gyesu.es.kr/,공립,062-380-2100,남녀공학,적정설치,적정설치,적정설치,미설치,적정설치,적정설치,적정설치,적정설치,적정설치,적정설치
광주광역시교육청,광주광역시 광산구 임방울대로 727-20,(월계동),S050001107,계수초등학교,http://cheomdan.es.kr,공립,062-970-3866,남녀공학,적정설치,적정설치,미설치,적정설치,미설치,적정설치,적정설치,적정설치,적정설치,단순설치
광주광역시교육청,광주광역시 서구 풍암운리로23번길 5,"(풍암동,운리초등학교)",S050001114,첨단초등학교,http://www.unri.es.kr,공립,062-650-3800,남녀공학,적정설치,적정설치,적정설치,적정설치,적정설치,적정설치,적정설치,적정설치,적정설치,미설치
광주광역시교육청,광주광역시 광산구 사암로340번길 19,(월곡동),S050001115,운리초등학교,http://www.daeban.es.kr,공립,062-958-6800,남녀공학,적정설치,적정설치,적정설치,미설치,미설치,적정설치,적정설치,적정설치,적정설치,적정설치
광주광역시교육청,광주광역시 광산구 소촌로 122,"(소촌동, 어룡초등학교)",S050001116,대반초등학교,http://www.eor.es.kr,공립,062-949-2602,남녀공학,적정설치,적정설치,미설치,미설치,미설치,적정설치,적정설치,미설치,적정설치,단순설치
광주광역시교육청,광주광역시 북구 능안로 7,", 문우초등학교 (오치동)",S050001124,어룡초등학교,http://moonwoo.es.kr,공립,062-260-1502,남녀공학,적정설치,적정설치,단순설치,적정설치,적정설치,적정설치,미설치,적정설치,적정설치,적정설치
광주광역시교육청,광주광역시 광산구 목련로 123,", 영천초등학교 (월곡동)",S050001125,문우초등학교,http://www.yeongch.es.kr,공립,062-958-5302,남녀공학,적정설치,적정설치,적정설치,적정설치,적정설치,적정설치,적정설치,미설치,적정설치,적정설치
광주광역시교육청,광주광역시 남구 제석로80번길 58-5,", 불로초등학교 (봉선동)",S050001134,영천초등학교,http://bullo.es.kr,공립,062-650-1808,남녀공학,적정설치,적정설치,적정설치,미설치,적정설치,적정설치,적정설치,적정설치,적정설치,미설치
광주광역시교육청,광주광역시 광산구 산월로 57,", 봉산초등학교 (산월동)",S050001135,불로초등학교,http://www.bs.es.kr/,공립,062-970-1871,남녀공학,적정설치,적정설치,적정설치,적정설치,미설치,적정설치,적정설치,적정설치,적정설치,적정설치
광주광역시교육청,광주광역시 광산구 산월로 101,(산월동),S050001144,봉산초등학교,http://www.k-wolbong.es.kr,공립,062-970-3600,남녀공학,적정설치,적정설치,적정설치,미설치,적정설치,적정설치,적정설치,적정설치,적정설치,적정설치
광주광역시교육청,광주광역시 광산구 신창로35번길 67,(신가동),S050001150,월봉초등학교,http://www.k-sunchang.es.kr,공립,062-958-3270,남녀공학,적정설치,적정설치,적정설치,적정설치,적정설치,적정설치,적정설치,적정설치,적정설치,적정설치
광주광역시교육청,광주광역시 광산구 신창로162번길 10,(신창동),S050001151,선창초등학교,http://www.g-sinchang.es.kr,공립,062-958-7170,남녀공학,적정설치,적정설치,적정설치,적정설치,적정설치,적정설치,적정설치,적정설치,적정설치,적정설치
광주광역시교육청,광주광역시 서구 금화로 53,"(금호동,만호초등학교)",S050001152,신창초등학교,http://,공립,062-370-0200,남녀공학,적정설치,적정설치,적정설치,미설치,적정설치,적정설치,적정설치,적정설치,적정설치,적정설치
광주광역시교육청,광주광역시 광산구 신창로105번길 9,(신창동),S050001153,만호초등학교,http://www.sm79.es.kr,공립,062-958-4271,남녀공학,적정설치,적정설치,적정설치,미설치,적정설치,적정설치,적정설치,적정설치,적정설치,적정설치
광주광역시교육청,광주광역시 북구 본촌택지로30번길 22,", 본촌초등학교 (본촌동)",S050001154,수문초등학교,http://www.bonchon.es.kr,공립,062-606-6800,남녀공학,적정설치,적정설치,적정설치,적정설치,적정설치,적정설치,적정설치,적정설치,적정설치,적정설치
광주광역시교육청,광주광역시 북구 하서로229번길 47,"(양산동,연제초등학교)",S050001164,본촌초등학교,http://www.kj-yeonje.es.kr,공립,062-605-9001,남녀공학,적정설치,적정설치,적정설치,미설치,적정설치,적정설치,적정설치,적정설치,적정설치,적정설치
광주광역시교육청,광주광역시 북구 자라봉로63번길 16,"(양산동,양지초등학교)",S050001165,연제초등학교,http://www.gj-yangji.es.kr/,공립,062-605-7770,남녀공학,적정설치,적정설치,적정설치,적정설치,적정설치,적정설치,적정설치,적정설치,적정설치,적정설치
광주광역시교육청,광주광역시 서구 하남대로 710번길 19,"(동천동,광림초등학교)",S050001166,양지초등학교,http://gwangrim.es.kr,공립,062-510-3702,남녀공학,적정설치,적정설치,적정설치,적정설치,적정설치,적정설치,적정설치,적정설치,적정설치,적정설치
광주광역시교육청,광주광역시 서구 동천로 7,(동천동),S050001167,광림초등학교,http://www.bitgoeul.es.kr,공립,062-510-2703,남녀공학,적정설치,적정설치,적정설치,적정설치,적정설치,적정설치,적정설치,적정설치,적정설치,적정설치
광주광역시교육청,광주광역시 광산구 송정외로 6,"(도산동,도산초등학교)",S050001168,빛고을초등학교,http://www.k-dosan.es.kr,공립,062-940-7100,남녀공학,적정설치,적정설치,적정설치,단순설치,적정설치,적정설치,적정설치,적정설치,적정설치,적정설치
광주광역시교육청,광주광역시 북구 유림로160번길 15,"(동림동,한울초등학교)",S050001169,도산초등학교,http://www.hanul.es.kr,공립,062-510-3602,남녀공학,적정설치,적정설치,적정설치,미설치,적정설치,적정설치,적정설치,적정설치,적정설치,적정설치
광주광역시교육청,광주광역시 북구 하백로5번길 10,", 하백초등학교 (매곡동)",S050001174,한울초등학교,http://www.habaek.es.kr,공립,062-570-9106,남녀공학,적정설치,적정설치,적정설치,적정설치,적정설치,적정설치,적정설치,적정설치,적정설치,적정설치
광주광역시교육청,광주광역시 남구 효우로60번길 12,", 광주진남초등학교  (노대동)",S050001175,하백초등학교,http://www.jn.es.kr,공립,062-670-8707,남녀공학,적정설치,적정설치,적정설치,적정설치,적정설치,적정설치,적정설치,적정설치,적정설치,적정설치
광주광역시교육청,광주 광산구 목련로22번길 11,"(산정동,산정초등학교)",S050001194,진남초등학교,http://sanjeong.es.kr,공립,062-960-3505,남녀공학,적정설치,적정설치,적정설치,적정설치,적정설치,적정설치,적정설치,적정설치,적정설치,적정설치
광주광역시교육청,광주광역시 광산구 풍영로 300,(장덕동),S050001229,산정초등학교,http://www.gosil.es.kr/,공립,062-956-8937,남녀공학,적정설치,적정설치,적정설치,적정설치,적정설치,적정설치,적정설치,적정설치,적정설치,적정설치
광주광역시교육청,광주광역시 광산구 수등로 27,(장덕동),S050001231,고실초등학교,http://jangdeok.es.kr,공립,062-975-2307,남녀공학,적정설치,적정설치,적정설치,적정설치,적정설치,적정설치,적정설치,적정설치,적정설치,적정설치
광주광역시교육청,광주광역시 광산구 장덕로 143,"(수완동,수완초등학교)",S050001233,장덕초등학교,http://www.suwan.es.kr,공립,062-960-9004,남녀공학,적정설치,적정설치,적정설치,미설치,적정설치,적정설치,적정설치,적정설치,적정설치,적정설치
광주광역시교육청,광주광역시 광산구 수등로 115,(신가동),S050001234,수완초등학교,www.keunbyeol.es.kr,공립,062-960-2404,남녀공학,적정설치,적정설치,적정설치,적정설치,적정설치,적정설치,미설치,적정설치,적정설치,적정설치
광주광역시교육청,광주광역시 남구 서문대로 654번길 45,(진월동),S050001235,큰별초등학교,http://www.jinje.es.kr,공립,062-717-3900,남녀공학,적정설치,적정설치,적정설치,적정설치,적정설치,적정설치,적정설치,적정설치,적정설치,적정설치
광주광역시교육청,광주광역시 광산구 풍영로 313,", 성덕초등학교 (장덕동)",S050001239,진제초등학교,http://www.gwangju-sd.es.kr,공립,062-717-4200,남녀공학,적정설치,적정설치,적정설치,적정설치,적정설치,적정설치,적정설치,적정설치,적정설치,적정설치
광주광역시교육청,광주광역시 광산구 선운중앙로 11,", 선운초등학교 (선암동)",S050001246,성덕초등학교,http://www.seonun.es.kr,공립,062-717-9300,남녀공학,적정설치,적정설치,적정설치,적정설치,적정설치,적정설치,적정설치,적정설치,적정설치,적정설치
광주광역시교육청,광주광역시 북구 첨단연신로 232-10,(신용동),S050001276,선운초등학교,http://www.hi-sinyong.es.kr,공립,062-717-3500,남녀공학,적정설치,적정설치,적정설치,미설치,적정설치,적정설치,적정설치,적정설치,적정설치,적정설치
광주광역시교육청,광주광역시 북구 첨단연신로108번길 86,", 건국초등학교 (신용동)",S050001285,신용초등학교,http://www.geonkuk.es.kr/,공립,062-718-3503,남녀공학,적정설치,단순설치,적정설치,적정설치,적정설치,적정설치,적정설치,적정설치,적정설치,적정설치
광주광역시교육청,광주광역시 남구 효우2로 70,(행암동),S050001287,건국초등학교,http://hyocheon.es.kr,공립,062-612-8500,남녀공학,적정설치,적정설치,적정설치,적정설치,미설치,적정설치,적정설치,적정설치,적정설치,적정설치
광주광역시교육청,광주광역시 광산구 수완로33번길 11,(수완동),S050001289,효천초등학교,http://eunbit.es.kr,공립,062-712-6304,남녀공학,적정설치,적정설치,적정설치,적정설치,적정설치,적정설치,적정설치,적정설치,적정설치,적정설치
광주광역시교육청,광주광역시 광산구 풍영로101번길 22,(흑석동),S050001373,은빛초등학교,http://saebyeol.es.kr,공립,062-713-6287,남녀공학,적정설치,적정설치,적정설치,미설치,적정설치,적정설치,적정설치,적정설치,적정설치,미설치
광주광역시교육청,광주광역시 북구 하서로 985,", 광주북초등학교 (효령동)",S050001416,새별초등학교,http://www.gj-buk.es.kr/,공립,062-717-1700,남녀공학,적정설치,적정설치,적정설치,적정설치,적정설치,적정설치,적정설치,적정설치,적정설치,적정설치
광주광역시교육청,광주광역시 동구 남계길 37,(내남동),S050001440,광주북초등학교,http://www.jihan.es.kr,공립,062-220-7600,남녀공학,적정설치,적정설치,적정설치,미설치,미설치,적정설치,적정설치,적정설치,단순설치,미설치
광주광역시교육청,광주광역시 북구 용봉로 45,(용봉동),S050001464,지한초등학교,http://chonnam-am.chonnam.ac.kr/,공립,062-530-3800,남녀공학,적정설치,적정설치,적정설치,적정설치,적정설치,적정설치,적정설치,적정설치,적정설치,적정설치
광주광역시교육청,광주광역시 북구 군왕로 234,"(각화동,각화중학교)",S000003517,전남대학교사범대학부설중학교,http://www.gakhwa.ms.kr,국립,062-250-1600,남녀공학,적정설치,적정설치,적정설치,적정설치,미설치,적정설치,적정설치,미설치,미설치,미설치
광주광역시교육청,광주광역시 북구 설죽로 369,"(삼각동, 고려중학교)",S050000169,각화중학교,www.korea.ms.kr,공립,062-570-9275,남,적정설치,적정설치,적정설치,적정설치,적정설치,적정설치,적정설치,적정설치,적정설치,적정설치
광주광역시교육청,광주광역시 북구 금호로40번길 40,"(용봉동,광주경신중학교) ",S050000171,고려중학교,www.gsin.ms.kr,사립,062-605-4851,남녀공학,단순설치,단순설치,적정설치,미설치,미설치,적정설치,적정설치,단순설치,적정설치,적정설치
광주광역시교육청,광주광역시 북구 동문대로 50,(두암동),S050000172,광주경신중학교,,사립,062-520-2131,녀,적정설치,적정설치,적정설치,적정설치,미설치,적정설치,적정설치,적정설치,적정설치,적정설치
광주광역시교육청,광주광역시 북구 동문대로 50,"(풍향동, 광주동신중학교)",S050000173,광주동신여자중학교,http://k-dongshin.ms.kr/,사립,062-520-2121,남,적정설치,적정설치,적정설치,적정설치,적정설치,적정설치,적정설치,적정설치,적정설치,미설치
광주광역시교육청,광주광역시 동구 지원로5번길 12,"(소태동,무등중학교)",S050000174,광주동신중학교,www.mudung.ms.kr,사립,220-2300,남녀공학,적정설치,단순설치,적정설치,적정설치,적정설치,적정설치,적정설치,적정설치,적정설치,미설치
광주광역시교육청,광주 북구 금남로 61,"(유동,광주북성중학교)",S050000175,무등중학교,http://www.buksung.ms.kr,공립,062-607-7000,남녀공학,적정설치,적정설치,적정설치,적정설치,적정설치,적정설치,적정설치,적정설치,적정설치,적정설치
광주광역시교육청,광주광역시 북구 모룡대길 40,"(일곡동,광주숭일중고등학교)",S050000176,광주북성중학교,http://www.soongil.ms.kr/,공립,625720177,남녀공학,적정설치,적정설치,적정설치,미설치,적정설치,적정설치,적정설치,적정설치,적정설치,적정설치
광주광역시교육청,광주광역시 북구 금호로 100,", 금호중앙중학교 (운암동)",S050000178,광주숭일중학교,www.kumho-jungang.ms.kr,사립,062-605-5001,남녀공학,단순설치,적정설치,적정설치,미설치,미설치,적정설치,적정설치,적정설치,적정설치,미설치
광주광역시교육청,광주광역시 광산구 왕버들로 307,(신창동),S050000180,금호중앙중학교,http://www.jinheung.ms.kr/,사립,062-960-2240,남녀공학,적정설치,적정설치,적정설치,적정설치,미설치,적정설치,적정설치,적정설치,적정설치,적정설치
광주광역시교육청,광주광역시 북구 하서로 55,(운암동),S050000181,광주진흥중학교,http://www.gwangju-p.ms.kr/,사립,520-8723,남녀공학,적정설치,적정설치,적정설치,적정설치,미설치,적정설치,적정설치,적정설치,적정설치,단순설치
광주광역시교육청,광주광역시 동구 경양로 379번길 19,(산수동),S050000182,광주체육중학교,http://choongjang.ms.kr,공립,062-230-9500,남녀공학,단순설치,적정설치,미설치,적정설치,적정설치,미설치,미설치,적정설치,적정설치,미설치
광주광역시교육청,광주광역시 북구 밤실로208번길 23,"(두암동,두암중학교)",S050000183,광주충장중학교,www.duam.ms.kr,공립,062-260-0504,남녀공학,미설치,적정설치,적정설치,미설치,적정설치,적정설치,적정설치,미설치,적정설치,적정설치
광주광역시교육청,광주광역시 북구 대천로 174,"(문흥동,문산중학교)",S050000185,두암중학교,http://www.kms.ms.kr,공립,062-260-3500,남녀공학,적정설치,적정설치,적정설치,적정설치,적정설치,적정설치,적정설치,적정설치,적정설치,적정설치
광주광역시교육청,광주광역시 북구 면앙로 111,"(우산동,문화중학교)",S050000186,문산중학교,http://www.kmh.ms.kr,공립,062-260-8645,남녀공학,적정설치,적정설치,적정설치,적정설치,적정설치,적정설치,적정설치,적정설치,적정설치,적정설치
광주광역시교육청,광주광역시 북구 능안로 2,"(문흥동,문흥중학교)",S050000188,문화중학교,http://www.munhung.ms.kr,공립,250-1524,남녀공학,적정설치,단순설치,적정설치,적정설치,적정설치,단순설치,단순설치,적정설치,적정설치,단순설치
광주광역시교육청,광주광역시 동구 필문대로273번길 21,"(지산동,살레시오)",S050000189,문흥중학교,www.salesio-g.ms.kr,공립,062-220-1500,녀,적정설치,적정설치,적정설치,적정설치,적정설치,적정설치,적정설치,적정설치,적정설치,적정설치
광주광역시교육청,광주광역시 북구 모룡대길 67,(일곡동),S050000191,살레시오여자중학교,http://www.salesio.ms.kr,사립,062-608-9200,남,단순설치,적정설치,적정설치,적정설치,적정설치,적정설치,적정설치,적정설치,적정설치,미설치
광주광역시교육청,광주광역시 북구 서강로 1,서강 중학교 (운암동),S050000192,살레시오중학교,http://www.seogang.ms.kr/,사립,062-520-5233,남녀공학,적정설치,적정설치,적정설치,단순설치,적정설치,적정설치,적정설치,적정설치,적정설치,적정설치
광주광역시교육청,광주광역시 북구 면앙로165번길 80,"(두암동,신광중학교)",S050000193,서강중학교,http://www.shingwang.ms.kr/,사립,062-250-6556,남녀공학,적정설치,적정설치,적정설치,적정설치,적정설치,적정설치,적정설치,적정설치,적정설치,적정설치
광주광역시교육청,광주광역시 북구 하서로229번길 30,", 양산중학교 (양산동)",S050000195,신광중학교,http://www.yangsan.ms.kr,공립,062-570-6111,남녀공학,적정설치,적정설치,적정설치,적정설치,적정설치,적정설치,적정설치,적정설치,적정설치,적정설치
광주광역시교육청,광주광역시 북구 서하로274번길 33,", 용봉중학교 (오치동)",S050000196,양산중학교,http://www.yongbong.ms.kr,공립,062-250-5700,남녀공학,적정설치,적정설치,적정설치,적정설치,적정설치,적정설치,적정설치,적정설치,적정설치,적정설치
광주광역시교육청,광주광역시 북구 신촌로 22,(오치동),S050000197,용봉중학교,http://www.woosan.ms.kr/,공립,062-260-5850,남녀공학,적정설치,적정설치,적정설치,적정설치,단순설치,적정설치,적정설치,적정설치,적정설치,적정설치
광주광역시교육청,광주광역시 동구 의재로 137,"(운림동,운림중학교)",S050000198,우산중학교,http://www.unlim.ms.kr,공립,062-230-3906,남녀공학,적정설치,적정설치,적정설치,적정설치,적정설치,적정설치,적정설치,적정설치,적정설치,적정설치
광주광역시교육청,광주광역시 북구 서강로131번길 24,"(운암동,운암중학교)",S050000199,운림중학교,http://www.k-unam.ms.kr,공립,605-6532,남녀공학,적정설치,적정설치,적정설치,적정설치,적정설치,적정설치,적정설치,적정설치,적정설치,적정설치
광주광역시교육청,광주광역시 북구 설죽로 570,"(일곡동,일곡중학교)",S050000200,운암중학교,http://www.ilgok.ms.kr,공립,062-570-1700,남녀공학,적정설치,적정설치,적정설치,적정설치,적정설치,적정설치,적정설치,적정설치,적정설치,적정설치
광주광역시교육청,광주광역시 북구 일곡택지로 10,"(일곡동,일동중학교)",S050000201,일곡중학교,http://www.k-ildong.ms.kr,공립,062-608-1100,남녀공학,적정설치,적정설치,적정설치,적정설치,적정설치,적정설치,적정설치,적정설치,적정설치,적정설치
광주광역시교육청,광주광역시 동구 필문대로 309-3,"(서석동,조선대학교부속중학교)",S050000202,일동중학교,http://www.chosun.ms.kr/,공립,062-230-2230,남,적정설치,적정설치,적정설치,미설치,적정설치,적정설치,적정설치,적정설치,적정설치,적정설치
광주광역시교육청,광주광역시 동구 지산로 16,"(지산동,조선대학교부속여자중학교)",S050000205,조선대학교부속중학교,http://www.chosun-g.ms.kr/,사립,062-230-9451,녀,단순설치,단순설치,단순설치,미설치,미설치,적정설치,적정설치,단순설치,미설치,미설치
광주광역시교육청,광주광역시 서구 화정로 202,"(화정동,광덕중고등학교)",S050000206,조선대학교여자중학교,www.kwangdok.ms.kr,사립,062-380-6600,남,적정설치,적정설치,적정설치,미설치,적정설치,적정설치,미설치,미설치,미설치,미설치
광주광역시교육청,광주광역시 광산구 사암로158번길 23,(우산동),S050000363,광덕중학교,http://www.gwangsan.ms.kr,사립,062-601-6890,남녀공학,적정설치,적정설치,적정설치,적정설치,미설치,적정설치,적정설치,적정설치,적정설치,적정설치
광주광역시교육청,광주광역시 광산구 평동로735번길 70,(용동),S050000365,광산중학교,http://www.pdong.ms.kr,공립,062-949-5811,남녀공학,단순설치,단순설치,미설치,적정설치,단순설치,적정설치,적정설치,단순설치,단순설치,미설치
광주광역시교육청,광주광역시 서구 운천로 306,"(쌍촌동,동명중학교)",S050000366,평동중학교,www.kdm.ms.kr,공립,062-603-8128,남녀공학,적정설치,적정설치,적정설치,적정설치,미설치,적정설치,적정설치,적정설치,적정설치,적정설치
광주광역시교육청,광주광역시 남구 서문대로627번길 20,", 광주동성여자중학교 (진월동)",S050000368,광주동명중학교,http://www.kds-g.ms.kr/,공립,062-670-4900,녀,적정설치,적정설치,적정설치,적정설치,적정설치,적정설치,적정설치,적정설치,적정설치,적정설치
광주광역시교육청,광주광역시 남구 서문대로627번길 20,", 광주동성중학교 (진월동)",S050000369,광주동성여자중학교,http://www.dongsung.ms.kr/,사립,062-670-4852,남,적정설치,적정설치,적정설치,미설치,미설치,적정설치,미설치,적정설치,적정설치,적정설치
광주광역시교육청,광주광역시 남구 중앙로 7,"(월산동,무진중학교)",S050000370,광주동성중학교,http://mujin.ms.kr,사립,062-350-5321,남녀공학,적정설치,적정설치,적정설치,단순설치,미설치,적정설치,적정설치,적정설치,적정설치,적정설치
광주광역시교육청,광주광역시 남구 진다리로24번길 13,"(백운동, 광주서광중학교)",S050000371,광주무진중학교,http://www.seokwang.ms.kr,공립,062-652-0971,남녀공학,적정설치,적정설치,적정설치,적정설치,적정설치,적정설치,적정설치,적정설치,적정설치,적정설치
광주광역시교육청,광주광역시 서구 화정로253번길 27,", 광주서석중학교 (화정동)",S050000373,광주서광중학교,http://www.seoseok.ms.kr,공립,062-360-3900,남,적정설치,적정설치,적정설치,적정설치,적정설치,적정설치,단순설치,적정설치,적정설치,적정설치
광주광역시교육청,광주광역시 남구 송암로 73,", 광주송원중학교 (송하동)",S050000374,광주서석중학교,http://www.swon.ms.kr,사립,062-360-5533,남녀공학,미설치,미설치,미설치,미설치,미설치,적정설치,미설치,미설치,적정설치,미설치
광주광역시교육청,광주광역시 남구 백서로 13,(양림동),S050000375,광주송원중학교,www.speer.ms.kr,사립,062-720-8282,녀,적정설치,단순설치,미설치,적정설치,적정설치,적정설치,적정설치,적정설치,적정설치,적정설치
광주광역시교육청,광주광역시 서구 화개중앙로 60,", 광주중학교 (금호동)",S050000376,광주수피아여자중학교,http://www.kwangju.ms.kr,사립,062-650-0700,남녀공학,적정설치,적정설치,적정설치,미설치,적정설치,적정설치,적정설치,적정설치,적정설치,적정설치
광주광역시교육청,광주광역시 서구 화운로 53,"(화정동,광주화정중학교)",S050000377,광주중학교,http://www.hwajeong.ms.kr,공립,062-380-3700,남녀공학,적정설치,적정설치,적정설치,미설치,적정설치,적정설치,적정설치,적정설치,적정설치,미설치
광주광역시교육청,광주광역시 서구 쌍촌로15번길 8,"(쌍촌동,광주효광중학교)",S050000379,광주화정중학교,http://www.hyogwang.ms.kr.,공립,062-380-7352,남녀공학,적정설치,적정설치,적정설치,적정설치,적정설치,적정설치,적정설치,적정설치,적정설치,적정설치
광주광역시교육청,광주광역시 광산구 목련로153번길 76,(운남동),S050000381,광주효광중학교,http://www.geumgu.ms.kr,공립,062-960-0116,남녀공학,적정설치,적정설치,적정설치,적정설치,미설치,적정설치,적정설치,적정설치,적정설치,적정설치
광주광역시교육청,광주광역시 남구 회재로1156번길 9,"(주월동,금당중학교)",S050000382,금구중학교,http://www.keumdang.ms.kr/,공립,062-650-0800,남녀공학,적정설치,적정설치,적정설치,미설치,적정설치,적정설치,적정설치,적정설치,적정설치,미설치
광주광역시교육청,광주광역시 서구 금화로115번길 72,(금호동),S050000383,금당중학교,http://www.kumho.ms.kr,공립,062-370-0700,남녀공학,적정설치,적정설치,적정설치,미설치,미설치,적정설치,적정설치,미설치,적정설치,미설치
광주광역시교육청,광주광역시 남구 서문대로663번길 37,(진월동),S050000385,금호중학교,http://www.kds.ms.kr/,공립,062-671-0216,녀,적정설치,적정설치,적정설치,적정설치,적정설치,적정설치,적정설치,적정설치,적정설치,적정설치
광주광역시교육청,광주광역시 남구 고싸움로164번길 28,"(지석동,대촌중학교)",S050000386,대성여자중학교,http://www.dechon.ms.kr,사립,062-712-3143,남녀공학,적정설치,적정설치,적정설치,미설치,미설치,적정설치,적정설치,적정설치,적정설치,미설치
광주광역시교육청,광주광역시 남구 오방로 16-10,"(봉선동,동아여자중학교)",S050000387,대촌중학교,www.donga.ms.kr,공립,062-650-1200,녀,적정설치,적정설치,적정설치,적정설치,적정설치,적정설치,적정설치,적정설치,적정설치,적정설치
광주광역시교육청,광주광역시 남구 제석로 73,"(봉선동, 문성중고등학교)",S050000388,동아여자중학교,http://www.mun-sung.ms.kr,사립,062-670-7600,남,적정설치,적정설치,적정설치,적정설치,미설치,적정설치,적정설치,적정설치,적정설치,적정설치
광주광역시교육청,광주광역시 남구 봉선중길 14,", 봉선중학교 (봉선동)",S050000390,문성중학교,http://www.bongsun.ms.kr,사립,062-650-1300,남녀공학,적정설치,단순설치,적정설치,적정설치,미설치,단순설치,미설치,적정설치,적정설치,미설치
광주광역시교육청,광주광역시 광산구 첨단중앙로181번길 42-26,", 비아중학교 (월계동)",S050000392,봉선중학교,http://www.bia.ms.kr,공립,070-8668-7100,남녀공학,적정설치,적정설치,적정설치,적정설치,적정설치,적정설치,적정설치,적정설치,적정설치,적정설치
광주광역시교육청,광주광역시 서구 운천로 142,", 상무중학교 (쌍촌동)",S050000393,비아중학교,http://www.sangmu.ms.kr,사립,062-380-6311,남녀공학,적정설치,적정설치,적정설치,미설치,미설치,적정설치,적정설치,적정설치,적정설치,미설치
광주광역시교육청,광주광역시 서구 상일1길 31번지,,S050000394,상무중학교,http://www.sang-il.ms.kr,공립,380-0200,남녀공학,적정설치,적정설치,적정설치,적정설치,미설치,적정설치,적정설치,적정설치,적정설치,미설치
광주광역시교육청,광주광역시 광산구 내상로15번길 23,(송정동),S050000395,상일중학교,http://www.songjung.ms.kr,공립,062-949-7507,남녀공학,단순설치,단순설치,단순설치,적정설치,적정설치,적정설치,적정설치,적정설치,적정설치,적정설치
광주광역시교육청,광주광역시 남구 오방로 34-13, 숭의중학교 (방림동),S050000398,송정중학교,http://www.sungui.ms.kr,공립,606-5901,남녀공학,적정설치,적정설치,적정설치,미설치,적정설치,적정설치,적정설치,적정설치,적정설치,적정설치
광주광역시교육청,광주광역시 광산구 목련로 307-10,(운남동),S050000399,숭의중학교,http://www.unnam.ms.kr/,사립,062-960-2580,남녀공학,적정설치,적정설치,적정설치,적정설치,미설치,적정설치,적정설치,적정설치,적정설치,적정설치
광주광역시교육청,광주광역시 광산구 첨단중앙로181번길 82,(월계동),S050000400,운남중학교,www.wolgye.ms.kr,공립,062-970-9700,남녀공학,단순설치,단순설치,단순설치,적정설치,적정설치,적정설치,적정설치,적정설치,적정설치,적정설치
광주광역시교육청,광주광역시 광산구 월곡산정로 95,(월곡동),S050000401,월계중학교,http://k-wolgok.ms.kr/,공립,950-7681,남녀공학,적정설치,적정설치,적정설치,적정설치,적정설치,적정설치,적정설치,적정설치,적정설치,미설치
광주광역시교육청,광주광역시 광산구 고봉로 812,"(임곡동,광일고등학교)",S050000402,월곡중학교,http://www.imgok.ms.kr,공립,062-952-8502,남녀공학,적정설치,적정설치,적정설치,적정설치,미설치,적정설치,적정설치,적정설치,적정설치,적정설치
광주광역시교육청,광주광역시 광산구 소촌로 90-36,(소촌동),S050000403,임곡중학교,www.jg.ms.kr,사립,062-949-5502,남녀공학,미설치,단순설치,미설치,미설치,미설치,적정설치,적정설치,적정설치,적정설치,적정설치
광주광역시교육청,광주광역시 남구 옹정길 9,", 주월중학교 (주월동)",S050000404,정광중학교,http://www.juwol.ms.kr,사립,062-670-5810,남녀공학,적정설치,적정설치,적정설치,적정설치,미설치,단순설치,적정설치,적정설치,적정설치,미설치
광주광역시교육청,광주광역시 광산구 월계로16번길 78,(월계동),S050000405,주월중학교,http://www.chgok.ms.kr/,공립,062-970-4000,남녀공학,단순설치,적정설치,적정설치,단순설치,단순설치,적정설치,적정설치,단순설치,적정설치,단순설치
광주광역시교육청,광주광역시 서구 화정로21번길 5,", 치평중학교 (쌍촌동)",S050000406,천곡중학교,http://www.chipyong.ms.kr/,공립,062-380-2354,남녀공학,적정설치,적정설치,적정설치,적정설치,미설치,적정설치,적정설치,적정설치,적정설치,미설치
광주광역시교육청,광주광역시 서구 풍암순환로 51,"(풍암동,풍암중학교)",S050000407,치평중학교,http://www.pungam.ms.kr,공립,062-650-9500,남녀공학,적정설치,적정설치,적정설치,적정설치,미설치,적정설치,적정설치,적정설치,적정설치,적정설치
광주광역시교육청,광주광역시 광산구 산정로6번길 21-2,(월곡동),S050000408,풍암중학교,http://k-hanam.ms.kr/,공립,062-958-5200,남녀공학,적정설치,적정설치,적정설치,미설치,적정설치,적정설치,적정설치,미설치,적정설치,미설치
광주광역시교육청,광주광역시 서구 상무공원로 70,(치평동),S050000410,하남중학교,http://www.jeonnam.ms.kr,공립,062-720-5106,남녀공학,적정설치,적정설치,적정설치,적정설치,미설치,적정설치,적정설치,적정설치,미설치,미설치
광주광역시교육청,광주광역시 광산구 첨단내촌로 16,(월계동),S050000991,전남중학교,http://www.cheomdan.ms.kr,공립,062-970-9500,남녀공학,적정설치,적정설치,적정설치,적정설치,미설치,적정설치,적정설치,적정설치,적정설치,적정설치
광주광역시교육청,광주광역시 광산구 송정로 74,", 송광중학교 (송정동)",S050001120,첨단중학교,http://www.songgwang.ms.kr,공립,062-949-6440,남녀공학,적정설치,적정설치,적정설치,미설치,적정설치,적정설치,적정설치,적정설치,적정설치,미설치
광주광역시교육청,광주광역시 광산구 신창로 26,", 신가중학교 (신창동)",S050001130,송광중학교,http://singa.ms.kr,공립,062-960-7307,남녀공학,적정설치,적정설치,적정설치,적정설치,적정설치,적정설치,적정설치,적정설치,적정설치,적정설치
광주광역시교육청,광주광역시 광산구 사암로340번안길 21,", 영천중학교 (월곡동)",S050001131,신가중학교,http://ychun.ms.kr,공립,062-958-4721,남녀공학,적정설치,단순설치,적정설치,적정설치,적정설치,적정설치,적정설치,적정설치,적정설치,적정설치
광주광역시교육청,광주광역시 광산구 산월로 67,"(산월동,봉산중학교)",S050001132,영천중학교,http://www.kbongsan.ms.kr/,공립,970-4438,남녀공학,적정설치,적정설치,적정설치,적정설치,적정설치,적정설치,적정설치,적정설치,적정설치,적정설치
광주광역시교육청,광주광역시 광산구 왕버들로290번길 40,(신창동),S050001133,봉산중학교,http://shin-chang.ms.kr,공립,062-958-9500,남녀공학,적정설치,적정설치,미설치,미설치,적정설치,적정설치,미설치,미설치,미설치,미설치
광주광역시교육청,광주광역시 북구 양산택지로 130,(본촌동),S050001170,신창중학교,http://www.ji-san.ms.kr,공립,062-606-6300,남녀공학,적정설치,적정설치,적정설치,적정설치,적정설치,적정설치,적정설치,적정설치,적정설치,적정설치
광주광역시교육청,광주광역시 서구 풍암신흥로11번길 28,", 운리중학교 (풍암동)",S050001171,지산중학교,http://www.unri.ms.kr,공립,062-712-3351,남녀공학,적정설치,적정설치,적정설치,미설치,적정설치,적정설치,적정설치,적정설치,적정설치,적정설치
광주광역시교육청,광주광역시 북구 일곡택지로 107,", 일신중학교 (일곡동)",S050001172,운리중학교,http://www.gjilshin.ms.kr/,공립,062-605-6600,남녀공학,적정설치,적정설치,적정설치,단순설치,적정설치,적정설치,적정설치,단순설치,적정설치,적정설치
광주광역시교육청,광주광역시 서구 하남대로680번길 27,"(동천동,대자중학교)",S050001173,일신중학교,http://www.daeja.ms.kr,공립,062-510-3800,남녀공학,적정설치,적정설치,적정설치,단순설치,적정설치,적정설치,적정설치,적정설치,적정설치,적정설치
광주광역시교육청,광주광역시 광산구 산월로 107,(산월동),S050001191,대자중학교,http://www.wolbong.ms.kr,공립,062-960-1703,남녀공학,적정설치,적정설치,적정설치,적정설치,적정설치,적정설치,적정설치,적정설치,적정설치,적정설치
광주광역시교육청,광주광역시 서구 버들로 29,"(유촌동,유덕중학교)",S050001192,월봉중학교,http://www.yudeok.ms.kr,공립,062-370-2704,남녀공학,적정설치,단순설치,적정설치,적정설치,적정설치,적정설치,적정설치,적정설치,적정설치,적정설치
광주광역시교육청,광주광역시 북구 하서로483번길 48,"(용두동,용두중학교)",S050001193,유덕중학교,http://www.yongdu.ms.kr,공립,062-570-6600,남녀공학,적정설치,적정설치,적정설치,적정설치,적정설치,적정설치,적정설치,적정설치,적정설치,미설치
광주광역시교육청,광주광역시 남구 노대실로41번길 21,"(노대동,진남중학교)",S050001237,용두중학교,http://jinnam-g.ms.kr/,공립,062-717-3410,남녀공학,적정설치,적정설치,적정설치,미설치,적정설치,적정설치,적정설치,적정설치,적정설치,적정설치
광주광역시교육청,광주광역시 광산구 목련로22번길 31,(산정동),S050001238,진남중학교,http://sanjeong.ms.kr,공립,062-960-5805,남녀공학,적정설치,적정설치,적정설치,적정설치,적정설치,적정설치,적정설치,적정설치,적정설치,적정설치
광주광역시교육청,광주광역시 광산구 장덕로 65,(장덕동),S050001244,산정중학교,http://www.seongdeok.ms.kr,공립,062-950-9800,남녀공학,적정설치,적정설치,적정설치,적정설치,적정설치,적정설치,적정설치,적정설치,적정설치,미설치
광주광역시교육청,광주광역시 광산구 수등로 11,"(장덕동,장덕중학교)",S050001245,성덕중학교,http://www.jangdeok.ms.kr,공립,717-8500,남녀공학,적정설치,적정설치,적정설치,적정설치,적정설치,적정설치,적정설치,적정설치,적정설치,적정설치
광주광역시교육청,광주광역시 광산구 수완로 19,(수완동),S050001247,장덕중학교,http://www.suwan.ms.kr,공립,062-975-2277,남녀공학,적정설치,적정설치,적정설치,미설치,적정설치,적정설치,미설치,적정설치,적정설치,미설치
광주광역시교육청,광주광역시 광산구 선운로20번길 20,", 37번지 선운중학교 (선암동)",S050001248,수완중학교,http://seonun.ms.kr,공립,062-717-9400,남녀공학,적정설치,적정설치,적정설치,미설치,적정설치,적정설치,적정설치,적정설치,적정설치,미설치
광주광역시교육청,광주광역시 북구 첨단연신로133번길 32,(신용동),S050001275,선운중학교,http://www.sinyong.ms.kr,공립,062-713-6100,남녀공학,적정설치,적정설치,적정설치,적정설치,적정설치,적정설치,적정설치,적정설치,적정설치,적정설치
광주광역시교육청,광주광역시 남구 서문대로 402,", 번길(50) (행암동)",S050001280,신용중학교,http://www.hyocheon.ms.kr,공립,062-720-2200,남녀공학,적정설치,적정설치,적정설치,적정설치,적정설치,적정설치,미설치,적정설치,적정설치,적정설치
광주광역시교육청,광주광역시 광산구 수완로105번길 47,(수완동),S050001291,효천중학교,http://suwanhana.ms.kr/,공립,062-720-2641,남녀공학,적정설치,적정설치,적정설치,적정설치,적정설치,적정설치,적정설치,적정설치,적정설치,적정설치
광주광역시교육청,광주광역시 북구 용봉로 45,"(용봉동,전남대학교사범대학부설고등학교)",S050001420,수완하나중학교,http://bugo.jnu.ac.kr,공립,062-530-3859,남녀공학,적정설치,적정설치,적정설치,적정설치,적정설치,적정설치,미설치,적정설치,적정설치,적정설치
광주광역시교육청,광주광역시 북구 설죽로 369,(삼각동) 고려고등학교,S000003516,전남대학교사범대학부설고등학교,http://www.korea.hs.kr/,국립,062-573-0075,남,적정설치,적정설치,적정설치,적정설치,적정설치,적정설치,적정설치,적정설치,단순설치,적정설치
광주광역시교육청,광주광역시 서구 화정로 202,"(화정동,광덕중고등학교)",S050000088,고려고등학교,http://www.gwangdeok.hs.kr,사립,062380-6782,남,적정설치,적정설치,적정설치,적정설치,미설치,적정설치,적정설치,적정설치,적정설치,미설치
광주광역시교육청,광주광역시 광산구 고봉로 812,"(임곡동,광일고등학교)",S050000089,광덕고등학교,http://www.kwangil.hs.kr,사립,062-952-8503,남녀공학,적정설치,적정설치,적정설치,적정설치,미설치,적정설치,적정설치,적정설치,적정설치,적정설치
광주광역시교육청,광주광역시 북구 금호로40번길 40,"(용봉동,경신여고) ",S050000092,광일고등학교,http://www.kshin.hs.kr,사립,062-605-4811,녀,미설치,적정설치,적정설치,적정설치,미설치,적정설치,적정설치,적정설치,적정설치,적정설치
광주광역시교육청,광주광역시 동구 중앙로 205,(대인동),S050000093,광주경신여자고등학교,http://www.gwangju.hs.kr/,사립,622390156,남,단순설치,적정설치,적정설치,미설치,미설치,적정설치,적정설치,적정설치,적정설치,미설치
광주광역시교육청,광주광역시 북구 첨단과기로 215,(오룡동),S050000094,광주고등학교,http://www.gsa.hs.kr/,공립,062-670-3203,남녀공학,적정설치,적정설치,적정설치,적정설치,적정설치,적정설치,적정설치,적정설치,적정설치,적정설치
광주광역시교육청,광주광역시 북구 설죽로315번길 14,"(매곡동,광주공업고등학교)",S050000096,광주과학고등학교,http://www.gt.hs.kr,공립,062-570-2805,남녀공학,적정설치,적정설치,적정설치,적정설치,적정설치,적정설치,적정설치,적정설치,적정설치,적정설치
광주광역시교육청,광주광역시 서구 전평길 50,"(매월동,대동고등학교)",S050000097,광주공업고등학교,http://www.k-dd.hs.kr,공립,062-600-3625,남,적정설치,적정설치,적정설치,미설치,적정설치,적정설치,적정설치,단순설치,미설치,적정설치
광주광역시교육청,광주광역시 남구 서문대로627번길 20,"(진월동,광주동성고등학교)",S050000100,광주대동고등학교,http://www.gds.hs.kr,사립,062-670-4600,남,적정설치,단순설치,적정설치,적정설치,적정설치,적정설치,미설치,적정설치,적정설치,미설치
광주광역시교육청,광주광역시 북구 동문대로 50,", 광주동신고등학교 ",S050000101,광주동성고등학교,http://www.kds.hs.kr,사립,625202190,남,적정설치,적정설치,적정설치,미설치,적정설치,적정설치,적정설치,적정설치,미설치,적정설치
광주광역시교육청,광주광역시 북구 동문대로 50,(풍향동),S050000102,광주동신고등학교,www.kdsg.hs.kr,사립,062-520-2176,녀,적정설치,적정설치,적정설치,미설치,미설치,적정설치,미설치,적정설치,적정설치,적정설치
광주광역시교육청,광주광역시 서구 화정로253번길 27,", 광주서석고등학교 (화정동)",S050000103,광주동신여자고등학교,http://www.seoseok.hs.kr/,사립,062-360-3800,남,적정설치,적정설치,적정설치,적정설치,미설치,적정설치,적정설치,적정설치,적정설치,미설치
광주광역시교육청,광주광역시 남구 백운로26번길 20,"(백운동,석산고등학교)",S050000107,광주서석고등학교,http://www.suksan.hs.kr,사립,062-676-1476,남,적정설치,적정설치,적정설치,미설치,미설치,적정설치,미설치,미설치,적정설치,미설치
광주광역시교육청,광주광역시 남구 백서로 13,"(양림동,수피아여자고등학교)",S050000108,광주석산고등학교,http://www.speer.hs.kr,사립,062-670-3011,녀,단순설치,적정설치,단순설치,적정설치,미설치,적정설치,미설치,적정설치,적정설치,적정설치
광주광역시교육청,광주광역시 북구 모룡대길 40,", 광주숭일고등학교 (일곡동)",S050000109,광주수피아여자고등학교,http://www.soongil.hs.kr/,사립,062-608-0500~0503,남녀공학,적정설치,적정설치,적정설치,적정설치,미설치,적정설치,미설치,미설치,적정설치,미설치
광주광역시교육청,광주광역시 서구 상무대로1014번길 43,(화정동),S050000110,광주숭일고등학교,http://kwangju-g.hs.kr/,사립,062-231-7531,녀,적정설치,적정설치,미설치,미설치,미설치,적정설치,적정설치,미설치,적정설치,적정설치
광주광역시교육청,광주광역시 남구 서문대로627번길 20,"(진월동,광주동성고등학교)",S050000112,광주여자고등학교,http://www.kjgc-g.hs.kr,공립,062-670-4700,녀,적정설치,적정설치,적정설치,적정설치,적정설치,적정설치,적정설치,적정설치,적정설치,적정설치
광주광역시교육청,광주광역시 북구 서강로 133,", 광주예술고등학교 (운암동)",S050000114,광주여자상업고등학교,www.kj-art.hs.kr,사립,062-520-8800,남녀공학,적정설치,적정설치,적정설치,미설치,미설치,적정설치,적정설치,적정설치,적정설치,미설치
광주광역시교육청,광주광역시 남구 서문대로 390,"(송하동,인성고)",S050000116,광주예술고등학교,http://www.inseong.hs.kr,공립,062-670-9200,남,적정설치,적정설치,적정설치,적정설치,적정설치,적정설치,적정설치,적정설치,적정설치,적정설치
광주광역시교육청,광주광역시 북구 능안로 30,"(오치동,자연과학고등학교)",S050000118,광주인성고등학교,http://www.kns.hs.kr,사립,260-3700,남녀공학,적정설치,적정설치,적정설치,적정설치,적정설치,적정설치,적정설치,적정설치,적정설치,미설치
광주광역시교육청,광주광역시 광산구 상무대로 312,(송정동),S050000119,광주자연과학고등학교,http://gc.hs.kr/,공립,062-949-6808,남녀공학,적정설치,적정설치,적정설치,미설치,적정설치,적정설치,적정설치,적정설치,적정설치,적정설치
광주광역시교육청,광주광역시 광산구 첨단중앙로 7,(월계동),S050000120,광주소프트웨어마이스터고등학교,http://www.get.hs.kr,공립,970-0554,남녀공학,미설치,적정설치,미설치,적정설치,미설치,적정설치,적정설치,적정설치,적정설치,적정설치
광주광역시교육청,광주광역시 광산구 금봉로 138-1,(우산동),S050000121,광주전자공업고등학교,http://www.gat.hs.kr,공립,062-949-0500,남녀공학,적정설치,적정설치,적정설치,적정설치,적정설치,적정설치,적정설치,적정설치,적정설치,적정설치
광주광역시교육청,광주광역시 북구 독립로237번길 33,"(누문동,광주제일고등학교)",S050000122,광주자동화설비공업고등학교,www.ilgo.hs.kr,공립,062-510-8873,남,적정설치,적정설치,적정설치,미설치,적정설치,적정설치,적정설치,적정설치,미설치,적정설치
광주광역시교육청,광주광역시 북구 금호로 100,", 금호중앙여자고등학교 ",S050000123,광주제일고등학교,www.k-ja.hs.kr,공립,062-607-1071,녀,적정설치,적정설치,적정설치,적정설치,적정설치,적정설치,적정설치,적정설치,적정설치,적정설치
광주광역시교육청,광주광역시 광산구 왕버들로 307,", 광주진흥고등학교 (신창동)",S050000125,금호중앙여자고등학교,http://www.jinheung.hs.kr,사립,062-960-2140,남,적정설치,적정설치,적정설치,미설치,단순설치,적정설치,미설치,적정설치,적정설치,미설치
광주광역시교육청,광주광역시 북구 하서로 55,(운암동184번지),S050000126,광주진흥고등학교,http://www.kwangju-p.hs.kr/,사립,062-520-7100,남녀공학,적정설치,적정설치,적정설치,적정설치,적정설치,적정설치,적정설치,적정설치,적정설치,적정설치
광주광역시교육청,광주광역시 북구 설죽로 433,(삼각동),S050000127,광주체육고등학교,http://www.kukje.hs.kr/,공립,062-573-9761,남녀공학,적정설치,적정설치,적정설치,적정설치,적정설치,적정설치,적정설치,적정설치,적정설치,적정설치
광주광역시교육청,광주광역시 북구 금호로 80,"(운암동,금호고등학교)",S050000128,국제고등학교,http://kumpa.hs.kr,사립,062-605-6146,남녀공학,적정설치,적정설치,적정설치,미설치,미설치,적정설치,적정설치,미설치,적정설치,미설치
광주광역시교육청,광주광역시 북구 금호로 100,"(운암동,금호고등학교)",S050000129,금파공업고등학교,www.kumho.hs.kr,사립,062-608-1080,남,적정설치,적정설치,적정설치,적정설치,미설치,적정설치,적정설치,적정설치,적정설치,적정설치
광주광역시교육청,광주광역시 남구 서문대로742번길 13,"(주월동,대광여자고등학교)",S050000131,금호고등학교,www.daekwang.hs.kr,사립,672-1217,녀,적정설치,적정설치,적정설치,적정설치,미설치,적정설치,적정설치,적정설치,적정설치,적정설치
광주광역시교육청,광주광역시 남구 서문대로663번길 37,"(진월동,대성여자고등학교)",S050000133,대광여자고등학교,http://www.daesung.hs.kr,사립,062-671-0213,녀,단순설치,적정설치,단순설치,단순설치,미설치,적정설치,미설치,미설치,미설치,미설치
광주광역시교육청,광주광역시 광산구 사이동길 16,(서봉동),S050000134,대성여자고등학교,http://www.kdm.hs.kr,사립,062-943-2855,남녀공학,적정설치,적정설치,적정설치,미설치,미설치,단순설치,단순설치,적정설치,적정설치,미설치
광주광역시교육청,광주광역시 남구 오방로 16-10,"(봉선동,동아여자고등학교)",S050000135,동명고등학교,http://www.donga.hs.kr,사립,062-650-1999,녀,적정설치,적정설치,적정설치,적정설치,적정설치,적정설치,적정설치,적정설치,적정설치,적정설치
광주광역시교육청,광주광역시 남구 천변좌로 604,", 번길 12 (방림동)",S050000136,동아여자고등학교,http://www.k-dongil.hs.kr,사립,062-650-6200,남녀공학,적정설치,적정설치,적정설치,적정설치,미설치,적정설치,적정설치,적정설치,적정설치,단순설치
광주광역시교육청,광주광역시 남구 제석로 73,"(봉선동,문성고등학교)",S050000137,동일미래과학고등학교,www.munseong.hs.kr,사립,062-670-7575,남,적정설치,적정설치,적정설치,미설치,미설치,적정설치,적정설치,적정설치,적정설치,적정설치
광주광역시교육청,광주광역시 광산구 어등대로529번길 37,(운수동),S050000138,문성고등학교,www.bomun.hs.kr,사립,062-940-8800,남녀공학,단순설치,단순설치,단순설치,단순설치,미설치,단순설치,단순설치,적정설치,적정설치,미설치
광주광역시교육청,광주광역시 북구 모룡대길 67,(일곡동),S050000139,보문고등학교,http://www.salesio.hs.kr/,사립,062-608-9157,남,미설치,적정설치,단순설치,미설치,미설치,단순설치,단순설치,적정설치,적정설치,단순설치
광주광역시교육청,광주광역시 동구 필문대로273번길 21,"(지산동,살레시오)",S050000142,살레시오고등학교,http://www.salesio-g.hs.kr,사립,062-220-1413,녀,적정설치,적정설치,적정설치,적정설치,적정설치,적정설치,적정설치,적정설치,적정설치,적정설치
광주광역시교육청,광주광역시 서구 상무민주로32번길 28,(쌍촌동),S050000143,살레시오여자고등학교,http://www.sangmu.hs.kr,사립,062-600-1334,남녀공학,단순설치,적정설치,적정설치,적정설치,적정설치,단순설치,적정설치,적정설치,적정설치,미설치
광주광역시교육청,광주광역시 북구 서강로 1,"(운암동,서강고등학교)",S050000144,상무고등학교,http://seogang.hs.kr/,공립,062-520-7822,남녀공학,적정설치,적정설치,적정설치,적정설치,적정설치,적정설치,적정설치,적정설치,적정설치,적정설치
광주광역시교육청,광주광역시 남구 서문대로742번길 20,(주월동),S050000145,서강고등학교,http://www.gsj.hs.kr,사립,062-672-1213,녀,적정설치,적정설치,적정설치,적정설치,적정설치,적정설치,적정설치,적정설치,적정설치,적정설치
광주광역시교육청,광주광역시 남구 천변좌로604번길 12,"(방림동,동일전자고등학교)",S050000146,서진여자고등학교,http://www.seolwol.hs.kr,사립,062-650-7800,녀,단순설치,단순설치,단순설치,적정설치,단순설치,적정설치,적정설치,미설치,미설치,미설치
광주광역시교육청,광주광역시 광산구 수완로12번길 21,(수완동),S050000147,설월여자고등학교,http://www.gmj.hs.kr,사립,062-960-2860,녀,적정설치,적정설치,적정설치,미설치,미설치,적정설치,적정설치,적정설치,적정설치,적정설치
광주광역시교육청,광주광역시 남구 송암로 73,", 송원고등학교 (송하동)",S050000148,명진고등학교,www.songwon.hs.kr,사립,062-360-5503,남녀공학,적정설치,적정설치,적정설치,적정설치,적정설치,적정설치,적정설치,적정설치,적정설치,적정설치
광주광역시교육청,광주광역시 남구 송암로 73,"(송하동,송원여자고등학교)",S050000149,송원고등학교,www.songwon-g.hs.kr,사립,062-360-5562,녀,적정설치,단순설치,적정설치,적정설치,적정설치,적정설치,미설치,적정설치,적정설치,적정설치
광주광역시교육청,광주광역시 광산구 월계로 117-8,(월계동),S050000150,송원여자고등학교,http://sdok.hs.kr,사립,062-970-0700,남녀공학,적정설치,적정설치,적정설치,적정설치,적정설치,적정설치,적정설치,적정설치,적정설치,적정설치
광주광역시교육청,광주광역시 남구 오방로 34-13,"(방림동,숭의고등학교)",S050000153,숭덕고등학교,http://www.kss.hs.kr,사립,062-672-9911,남녀공학,미설치,적정설치,미설치,미설치,미설치,적정설치,미설치,적정설치,적정설치,적정설치
광주광역시교육청,광주광역시 서구 상무공원로 32,(치평동),S050000154,숭의고등학교,http://www.jeonnam.hs.kr,사립,062-370-8510,남,적정설치,적정설치,적정설치,적정설치,적정설치,적정설치,적정설치,적정설치,적정설치,적정설치
광주광역시교육청,광주광역시 광산구 왕버들로322번길 26,(신창동),S050000155,전남고등학교,http://www.kiram.hs.kr,공립,062-603-1200,남녀공학,적정설치,적정설치,적정설치,적정설치,적정설치,적정설치,적정설치,적정설치,적정설치,적정설치
광주광역시교육청,광주광역시 동구 제봉로158번길 8,(장동 39-12),S050000156,전남공업고등학교,http://www.chonnam-g.hs.kr,공립,062-220-0307,녀,적정설치,적정설치,적정설치,적정설치,적정설치,적정설치,적정설치,적정설치,적정설치,미설치
광주광역시교육청,광주광역시 북구 설죽로 433,"(삼각동,학교법인춘태학원)",S050000161,전남여자고등학교,www.cgch.org,공립,062-570-8601,녀,적정설치,적정설치,적정설치,미설치,적정설치,적정설치,적정설치,적정설치,적정설치,적정설치
광주광역시교육청,광주광역시 광산구 소촌로 90-36,(소촌동),S050000163,전남여자상업고등학교,http://www.jg.hs.kr,사립,720-8578,남녀공학,적정설치,적정설치,적정설치,적정설치,미설치,단순설치,단순설치,적정설치,적정설치,미설치
광주광역시교육청,광주광역시 동구 의재로33번길 33,"(학동,조선대학교부속고등학교)",S050000165,정광고등학교,http://www.chosun.hs.kr,사립,062-230-0221,남,적정설치,적정설치,미설치,미설치,적정설치,적정설치,적정설치,적정설치,적정설치,미설치
광주광역시교육청,광주광역시 동구 지산로 36,"(지산동,조선대학교여자고등학교)",S050000166,조선대학교부속고등학교,http://www.chosun-g.hs.kr,사립,062-220-7563,녀,적정설치,적정설치,적정설치,적정설치,적정설치,적정설치,적정설치,적정설치,적정설치,적정설치
광주광역시교육청,광주광역시 남구 회서로 30,"(주월동,삼육중고등학교)",S050000167,조선대학교여자고등학교,http://samyook.hs.kr,사립,062-652-4801,남녀공학,적정설치,적정설치,단순설치,미설치,적정설치,미설치,미설치,적정설치,적정설치,적정설치
광주광역시교육청,광주광역시 남구 송암로 73,"(송하동,송원여자상업고등학교)",S050000168,호남삼육고등학교,http://www.songwon-gc.hs.kr,사립,062-360-5991,녀,적정설치,적정설치,적정설치,미설치,단순설치,적정설치,적정설치,적정설치,적정설치,미설치
광주광역시교육청,광주광역시 광산구 임방울대로165번길 17,(운남동),S050001096,송원여자상업고등학교,http://www.unnam.hs.kr,사립,062-960-3162,남녀공학,적정설치,적정설치,적정설치,미설치,적정설치,적정설치,적정설치,적정설치,적정설치,적정설치
광주광역시교육청,광주광역시 서구 풍암신흥로39번길 20,"(풍암동,풍암고등학교)",S050001118,운남고등학교,http://pungam.hs.kr,공립,062-650-0507,남녀공학,적정설치,적정설치,적정설치,단순설치,적정설치,적정설치,적정설치,적정설치,적정설치,적정설치
광주광역시교육청,광주광역시 광산구 산월로 12-17,"(월계동,첨단고등학교)",S050001119,풍암고등학교,http://www.cheomdan.hs.kr,공립,970-4357,남녀공학,단순설치,단순설치,단순설치,미설치,단순설치,단순설치,단순설치,단순설치,단순설치,미설치
광주광역시교육청,광주광역시 서구 내방로 217,"(쌍촌동,상일여자고등학교)",S050001155,첨단고등학교,http://sangil-g.hs.kr,공립,062-370-2586,녀,적정설치,적정설치,적정설치,미설치,적정설치,적정설치,적정설치,적정설치,적정설치,적정설치
광주광역시교육청,광주광역시 광산구 수등로 45,(장덕동),S050001226,상일여자고등학교,http://www.jangdeok.hs.kr,공립,062-956-9394,남녀공학,적정설치,적정설치,적정설치,적정설치,적정설치,적정설치,적정설치,적정설치,적정설치,적정설치
광주광역시교육청,광주광역시 광산구 장덕로 155,(수완동),S050001230,장덕고등학교,http://www.suwan.hs.kr,공립,062-960-4525,남녀공학,적정설치,적정설치,적정설치,미설치,적정설치,적정설치,적정설치,적정설치,적정설치,적정설치
광주광역시교육청,광주광역시 북구 능안로30번길 33,"(오치동,문정여자고등학교)",S050001232,수완고등학교,http://www.munjeong.hs.kr,공립,062-269-2303,녀,적정설치,적정설치,적정설치,적정설치,적정설치,적정설치,적정설치,적정설치,적정설치,적정설치
광주광역시교육청,광주광역시 광산구 장덕로 75,(장덕동),S050001236,문정여자고등학교,http://www.seongdeok.hs.kr,공립,062-714-8900,남녀공학,적정설치,적정설치,적정설치,적정설치,적정설치,적정설치,적정설치,적정설치,적정설치,적정설치
광주광역시교육청,광주광역시 북구 첨단연신로133번길 19,(신용동),S050001278,성덕고등학교,http://bitgoeul.hs.kr,공립,062-712-8846,남녀공학,적정설치,적정설치,적정설치,적정설치,적정설치,적정설치,적정설치,적정설치,적정설치,적정설치
광주광역시교육청,광주광역시 광산구 목련로394번길 60-3,", 광주선광학교 (신가동)",S050001283,빛고을고등학교,http://www.sunkwang.sc.kr,공립,062-950-9107,남녀공학,적정설치,적정설치,적정설치,적정설치,적정설치,적정설치,적정설치,적정설치,적정설치,적정설치
광주광역시교육청,광주광역시 남구 서문대로749번마길 2,"(주월동,선명학교)",S050000640,광주선광학교,http://www.sunmyong.sc.kr/,공립,062-650-9740,남녀공학,적정설치,적정설치,적정설치,적정설치,적정설치,적정설치,적정설치,적정설치,적정설치,적정설치
광주광역시교육청,광주광역시 서구 유덕로 177,"(덕흥동,광주세광학교)",S050000641,광주선명학교,http://www.sekwang.sc.kr,공립,062-606-0401,남녀공학,적정설치,적정설치,적정설치,적정설치,적정설치,적정설치,적정설치,미설치,적정설치,적정설치
광주광역시교육청,광주광역시 북구 앰코로 127,(오룡동),S050000642,광주세광학교,http://www.eunhae.sc.kr/,사립,062-970-9900,남녀공학,적정설치,적정설치,적정설치,적정설치,적정설치,적정설치,적정설치,적정설치,적정설치,적정설치
광주광역시교육청,광주광역시 북구 모룡대길 61,", 광주선우학교 (일곡동)",S050000645,은혜학교,http://www.seonu.sc.kr,사립,062-712-6900,남녀공학,적정설치,적정설치,적정설치,적정설치,적정설치,적정설치,적정설치,미설치,적정설치,적정설치
광주광역시교육청,광주광역시 북구 동운로 167-5,(운암동),S050001274,광주선우학교,http://www.kumho-art.com,공립,062-523-8237,남녀공학,적정설치,적정설치,적정설치,적정설치,적정설치,적정설치,적정설치,적정설치,적정설치,적정설치
광주광역시교육청,광주광역시 남구 회서로 30,", 호남삼육중학교 (주월동)",S050000644,금호미용예술학교,http://samyook.ms.kr,사립,070-8677-4850,남녀공학,적정설치,미설치,적정설치,적정설치,미설치,미설치,미설치,미설치,미설치,미설치
광주광역시교육청,광주광역시 동구 중앙로 302,"(계림동,광주고등학교)",S050001099,호남삼육중학교,http://www.gwangju.hs.kr,사립,062-239-0151,남,적정설치,적정설치,적정설치,적정설치,미설치,적정설치,미설치,적정설치,적정설치,적정설치
광주광역시교육청,광주광역시 동구 제봉로158번길 8,"(장동,전남여자고등학교)",S050000095,광주고등학교부설방송통신고등학교,http://chonnam-g.hs.kr,공립,062-220-0370,녀,적정설치,적정설치,적정설치,적정설치,적정설치,적정설치,적정설치,적정설치,적정설치,적정설치
광주광역시교육청,광주광역시 서구 염화로 23-20,", 월광기독학교 (화정동)",S050000162,전남여자고등학교부설방송통신고등학교,http://,공립,062-380-4662,남녀공학,적정설치,적정설치,적정설치,미설치,적정설치,적정설치,적정설치,적정설치,적정설치,적정설치
광주광역시교육청,광주광역시 북구 금남로 61,"(유동,광주북성중학교)",S050001434,월광기독학교,http://cybre.ms.kr,사립,062-607-7000,남녀공학,적정설치,적정설치,적정설치,적정설치,적정설치,적정설치,적정설치,적정설치,적정설치,적정설치
